Artist,Title,Rank_2022,Rank_2023,Rank_2024
Blue Öyster Cult,(Don't fear) the reaper,,780.0,903.0
Bryan Adams,(Everything I Do) I Do It For You,,,416.0
The Rolling Stones,(I can't get no) Satisfaction,128.0,157.0,198.0
Lo & Leduc,079 (Original-Version),985.0,774.0,661.0
Die Toten Hosen,1000 gute Gründe,752.0,819.0,796.0
Klaus Lage,1000 und 1 Nacht,688.0,414.0,474.0
Mark Forster,194 Länder,522.0,761.0,887.0
Chicago,25 or 6 to 4 Original-Version,1012.0,977.0,1013.0
AnnenMayKantereit,3 Tage am Meer,931.0,562.0,673.0
Queen,39,271.0,349.0,353.0
Hooters,500 miles,828.0,621.0,663.0
New Model Army,51st state,1046.0,,
Max Giesinger,80 Millionen,641.0,705.0,774.0
Nena,99 Luftballons,400.0,313.0,310.0
Chris de Burgh,A Spaceman came travelling,889.0,719.0,711.0
The Beatles,A day in the life,682.0,690.0,794.0
The Cure,A forest,659.0,614.0,465.0
America,A horse with no name,549.0,618.0,697.0
Queen,A kind of magic,513.0,651.0,641.0
P!nk (Pink),A million dreams,419.0,451.0,409.0
Rory Gallagher,A million miles away,489.0,540.0,446.0
Caro Emerald,A night like this,869.0,783.0,
Coldplay,A sky full of stars,542.0,501.0,384.0
Procol Harum,A whiter shade of pale,226.0,259.0,328.0
Pur,Abenteuerland,98.0,99.0,90.0
David Bowie,Absolute beginners,,878.0,975.0
Motörhead,Ace of spades,74.0,74.0,75.0
Helene Fischer,Achterbahn,466.0,375.0,505.0
Toto,Africa,82.0,85.0,77.0
Ed Sheeran,Afterglow,373.0,684.0,804.0
Phil Collins,Against All Odds (Take A Look At Me Now),,,797.0
Phil Collins,Against all odds,699.0,619.0,
Bob Seger,Against the wind,779.0,837.0,953.0
Rufus & Chaka Khan,Ain't nobody,644.0,601.0,534.0
Fleetwood Mac,Albatross,886.0,648.0,842.0
Pearl Jam,Alive,350.0,336.0,344.0
The Jimi Hendrix Experience,All along the watchtower,171.0,233.0,258.0
John Legend,All of me,681.0,517.0,662.0
Blink 182,All the small things,933.0,641.0,728.0
The Beatles,All you need is love,977.0,990.0,1041.0
Hooters,All you zombies,637.0,910.0,918.0
Die Toten Hosen,Alle sagen das,202.0,499.0,857.0
Reinhard Mey,Aller guten Dinge sind drei,635.0,775.0,
Die Toten Hosen,Alles aus Liebe,335.0,396.0,447.0
Peter Fox,Alles neu,,955.0,616.0
Die Prinzen,Alles nur geklaut,,,894.0
Die Toten Hosen,Alles passiert,857.0,,1054.0
Silly,Alles rot,528.0,461.0,508.0
Achim Reichel,Aloha heja he,676.0,642.0,671.0
Heart,Alone,734.0,1045.0,833.0
Karussell,Als ich fortging,580.0,829.0,669.0
Udo Jürgens,Als ich fortging,,,205.0
Puhdys,Alt wie ein Baum,234.0,308.0,255.0
Die Toten Hosen,Altes Fieber,191.0,225.0,222.0
Bon Jovi,Always,746.0,826.0,716.0
Elvis Presley,Always on my mind,650.0,594.0,633.0
Element of Crime,Am Ende denk ich immer nur an dich,403.0,340.0,189.0
City,Am Fenster,12.0,12.0,12.0
Juliane Werding,"Am Tag, als Conny Kramer starb",609.0,484.0,564.0
Nightwish,Amaranth,626.0,667.0,615.0
Green Day,American idiot,1068.0,,718.0
Don McLean,American pie,410.0,477.0,521.0
Andreas Gabalier,Amoi seg' ma uns wieder,101.0,108.0,115.0
Jacques Brel,Amsterdam,1036.0,,
Fettes Brot,An Tagen wie diesen,,778.0,875.0
The Kelly Family,An angel,978.0,1007.0,893.0
Johannes Oerding,An guten Tagen,401.0,381.0,401.0
Runrig,And we'll sing,829.0,597.0,
Abba,Angeleyes,1067.0,,
Robbie Williams,Angels,123.0,156.0,118.0
The Rolling Stones,Angie,201.0,236.0,357.0
The Rolling Stones,Angry,,64.0,550.0
Reinhard Mey,"Ankomme Freitag, den 13.",841.0,838.0,628.0
Reinhard Mey,"Annabelle, ach Annabelle",,,988.0
John Denver,Annie's song,362.0,304.0,327.0
Pink Floyd,Another brick in the wall,109.0,109.0,130.0
Phil Collins,Another day in paradise,532.0,510.0,566.0
Tom Odell,Another love,339.0,494.0,603.0
Queen,Another one bites the dust,527.0,662.0,676.0
Taylor Swift,Anti-hero,,205.0,256.0
George Ezra,Anyone for you,771.0,,
Sportfreunde Stiller,"Applaus, Applaus",887.0,791.0,808.0
Deep Purple,April,33.0,36.0,42.0
Jethro Tull,Aqualung,604.0,637.0,721.0
Elvis Presley,Are you lonesome tonight [Lachversion],1055.0,,
Harry Styles,As it was,102.0,243.0,722.0
The Rolling Stones,As tears go by,1019.0,842.0,
Sido feat. Andreas Bourani,Astronaut,,1019.0,
Calum Scott,At your worst,,,824.0
Helene Fischer,Atemlos durch die Nacht,115.0,121.0,164.0
Pink Floyd,Atom heart mother,205.0,216.0,212.0
Lotte & Max Giesinger,"Auf das, was da noch kommt",,958.0,
Andreas Bourani,Auf uns,757.0,793.0,696.0
AnnenMayKantereit,Ausgehen,777.0,566.0,690.0
Dasha,Austin,,,288.0
Kraftwerk,Autobahn,252.0,204.0,203.0
Labrassbanda,Autobahn,398.0,509.0,469.0
SWR Big Band & SWR ALL-Stars,Außer Betrieb (Master Version),583.0,742.0,
Adriano Celentano,Azzurro,1022.0,,1059.0
Erste Allgemeine Verunsicherung,Ba-Ba Banküberfall,1038.0,,777.0
The Who,Baba O'Riley,322.0,334.0,501.0
AC/DC,Back in black,155.0,139.0,114.0
Amy Winehouse,Back to black,358.0,363.0,336.0
Beth Hart,Bad Woman Blues,,730.0,931.0
Bad Company,Bad company,,1025.0,946.0
Billie Eilish,Bad guy,970.0,,1052.0
Ed Sheeran,Bad habits (Radio Mix),586.0,,
Creedence Clearwater Revival,Bad moon rising,608.0,526.0,581.0
Bruce Springsteen,Badlands,737.0,380.0,407.0
Badischer Bürgermeisterchor,Badnerlied,14.0,16.0,15.0
Gerry Rafferty,Baker Street,600.0,565.0,674.0
Accept,Balls to the wall,514.0,468.0,419.0
Camila Cabello feat. Ed Sheeran,Bam bam,911.0,,
Freddie Mercury & Montserrat Caballé,Barcelona,47.0,50.0,65.0
AnnenMayKantereit,Barfuß am Klavier,715.0,556.0,708.0
Green Day,Basket case,662.0,644.0,511.0
Meat Loaf,Bat out of hell,259.0,241.0,248.0
Die Toten Hosen,Bayern,235.0,181.0,756.0
Michael Jackson,Beat it,853.0,757.0,818.0
U2,Beautiful day,813.0,824.0,991.0
Michael Patrick Kelly,Beautiful madness,781.0,,
Benson Boone,Beautiful things,,,368.0
Patti Smith Group,Because the night,566.0,685.0,733.0
Bon Jovi,Bed of roses,164.0,142.0,173.0
Midnight Oil,Beds are burning,453.0,446.0,458.0
Maneskin,Beggin',,1048.0,
Limp Bizkit,Behind blue eyes,,737.0,
The Who,Behind blue eyes,789.0,1022.0,982.0
Simple Minds,Belfast Child,365.0,383.0,391.0
El Profesor,Bella ciao,,,1033.0
Gianna Nannini,Bello e impossibile,,,995.0
Herrn Stumpfes Zieh & Zupfkapelle,Bemberle,221.0,439.0,259.0
Foo Fighters,Best of you,772.0,801.0,932.0
Queen,Bicycle race,658.0,788.0,771.0
Peter Gabriel,Biko,551.0,492.0,561.0
Michael Jackson,Billie Jean,570.0,534.0,575.0
Schwoißfuaß,Bin ich selbr Rastaman??,484.0,388.0,382.0
The Verve,Bitter sweet symphony,395.0,576.0,463.0
Ram Jam,Black Betty,698.0,,
Ram Jam,Black Betty (Long Version),,770.0,1000.0
Black Sabbath,Black Sabbath,784.0,,965.0
Led Zeppelin,Black dog,756.0,593.0,835.0
Santana,Black magic woman,,,950.0
Deep Purple,Black night,884.0,815.0,898.0
The Beatles,Blackbird,550.0,725.0,586.0
Taylor Swift,Blank space,,,910.0
Ideal,Blaue Augen,,1046.0,994.0
Manfred Mann's Earthband,Blinded by the light,535.0,689.0,570.0
The Weeknd,Blinding lights,402.0,519.0,529.0
Ramones,Blitzkrieg Bop,1025.0,,
Bob Dylan,Blowin' in the wind,824.0,,1023.0
New Order,Blue Monday '88,,,983.0
New Order,Blue Monday 1988,928.0,1006.0,
Michael Patrick Kelly,Blurry eyes,251.0,462.0,658.0
Styx,Boat on the river,684.0,813.0,883.0
Frank Zappa,Bobby Brown,417.0,490.0,520.0
Herbert Grönemeyer,Bochum,220.0,324.0,186.0
Queen,Bohemian Rhapsody,1.0,1.0,1.0
Wanda,Bologna,,531.0,415.0
Imagine Dragons,Bones,780.0,,
Die Toten Hosen,Bonnie & Clyde,245.0,299.0,263.0
Chris de Burgh,Borderline,786.0,843.0,823.0
Bruce Springsteen,Born in the U.S.A,540.0,577.0,
Bruce Springsteen,Born in the U.S.A.,,,451.0
Steppenwolf,Born to be wild,691.0,688.0,939.0
Bruce Springsteen,Born to run,328.0,330.0,421.0
Green Day,Boulevard of broken dreams,544.0,772.0,619.0
Jethro Tull,Bourée,920.0,845.0,836.0
Pink Floyd,Brain damage,390.0,518.0,678.0
Supertramp,Breakfast in America,875.0,913.0,1001.0
Linkin Park,Breaking the habit,,,999.0
Judas Priest,Breaking the law,330.0,312.0,296.0
Queen,Breakthru,764.0,1014.0,1002.0
Hubert von Goisern,Brenna tuats guat,219.0,246.0,219.0
Simon & Garfunkel,Bridge over troubled water,116.0,104.0,150.0
Art Garfunkel,Bright eyes,,897.0,
Evanescence,Bring me to life,898.0,855.0,681.0
Dire Straits,Brothers in arms (Album Version),7.0,10.0,9.0
Van Morrison,Brown eyed girl,755.0,852.0,
The Rolling Stones,Brown sugar,565.0,715.0,849.0
Pur,Brüder,593.0,646.0,634.0
Rory Gallagher,Bullfrog Blues,895.0,919.0,909.0
Deep Purple,Burn,560.0,664.0,552.0
Zupfgeigenhansel,Bürgerlied,,874.0,
Plastic Bertrand,Ca plane pour moi,,,1008.0
Mamas & Papas,California dreamin',770.0,650.0,827.0
Red Hot Chili Peppers,Californication,517.0,585.0,654.0
The Common Linnets,Calm after the storm,842.0,,888.0
Kim Wilde,Cambodia,,,993.0
Iron Maiden,Can I play with madness,892.0,629.0,802.0
Elton John,Can you feel the love tonight,893.0,,1005.0
Elvis Presley,Can't help falling in love,751.0,817.0,790.0
Red Hot Chili Peppers,Can't stop,788.0,840.0,945.0
Elton John,Candle in the wind,677.0,,
George Michael,Careless whisper,915.0,781.0,704.0
Status Quo,Caroline,808.0,836.0,800.0
Manowar,Carry on,325.0,348.0,307.0
Kansas,Carry on wayward son,412.0,466.0,408.0
Linkin Park,Castle of glass,982.0,949.0,607.0
Rainbow,Catch the rainbow,464.0,432.0,506.0
"Crosby, Stills & Nash",Cathedral,519.0,554.0,738.0
Udo Lindenberg,Cello,196.0,117.0,152.0
Udo Lindenberg featuring Clueso,Cello,555.0,532.0,568.0
Buena Vista Social Club,Chan Chan,633.0,960.0,
Snow Patrol,Chasing cars,311.0,359.0,333.0
Deep Purple,Child in time,3.0,3.0,3.0
Abba,Chiquitita,297.0,272.0,433.0
System Of A Down,Chop Suey!,225.0,182.0,176.0
Mark Forster,Chöre,754.0,932.0,1057.0
Elton John,Circle of life,613.0,820.0,731.0
Coldplay,Clocks,470.0,412.0,461.0
Yes,Close to the edge,901.0,908.0,968.0
Kate Bush,Cloudbusting,1042.0,,
DÖF,Codo,,,1034.0
Elton John & Dua Lipa,Cold heart (PNAU Remix),282.0,743.0,1048.0
Michael Kiwanuka,Cold little heart,990.0,1055.0,
Wanda,Columbo,651.0,,1010.0
Nirvana,Come as you are,541.0,683.0,638.0
Dexys Midnight Runners,Come on Eileen,986.0,944.0,958.0
The Beatles,Come together,873.0,1037.0,
Pink Floyd,Comfortably numb,19.0,23.0,22.0
Josh.,Cordula Grün,638.0,658.0,707.0
P!nk & Willow Sage Hart,Cover me in sunshine,222.0,307.0,379.0
Radiohead,Creep,194.0,166.0,135.0
Taylor Swift,Cruel summer,,401.0,380.0
Hubert von Goisern und die Alpinkatzen,Da Juchitzer,246.0,329.0,289.0
Wendrsonn,Da ben i dahoim (Original Studioversion),50.0,81.0,93.0
Bruce Springsteen,Dancing in the dark,478.0,345.0,392.0
Abba,Dancing queen,66.0,75.0,61.0
Kenny Loggins,Danger zone,630.0,1023.0,
Silbermond,Das Beste,405.0,420.0,400.0
Sportfreunde Stiller,Das Geschenk,904.0,916.0,929.0
Udo Lindenberg,Das Leben,353.0,333.0,457.0
Kraftwerk,Das Model,827.0,613.0,874.0
Reinhard Mey,Das Narrenschiff,8.0,7.0,5.0
Juliane Werding,Das Würfelspiel,,1040.0,741.0
Die Toten Hosen,Das ist der Moment,818.0,963.0,924.0
Pink (Pink) feat. Indigo Girls,Dear Mr. President,524.0,449.0,396.0
Heinz Rudolf Kunze,Dein ist mein ganzes Herz,572.0,502.0,431.0
Element Of Crime,Delmenhorst,809.0,884.0,620.0
ZAZ,Demain c'est toi,1015.0,,
Imagine Dragons,Demons,925.0,873.0,926.0
Wir Sind Helden,Denkmal,,,1032.0
Pferdle & Äffle,Der Hafer- und Bananenblues,5.0,5.0,7.0
Falco,Der Kommissar,736.0,771.0,768.0
Ton Steine Scherben,Der Traum ist aus,1040.0,,977.0
Herbert Grönemeyer,Der Weg,141.0,96.0,79.0
Karat,Der blaue Planet,293.0,253.0,242.0
Bosse,Der letzte Tanz,673.0,564.0,757.0
Gotthilf Fischer und seine Chöre,Der reichste Fürst (Württemberger Lied),29.0,28.0,26.0
Sting,Desert rose,500.0,537.0,402.0
Eagles,Desperado,675.0,755.0,782.0
Kiss,Detroit Rock City,939.0,869.0,1029.0
Wise Guys,Deutsche Bahn,269.0,234.0,209.0
Rammstein,Deutschland,70.0,132.0,85.0
Zucchero feat. Randy Crawford,Diamante,,1051.0,
Rihanna,Diamonds,,,844.0
Joan Baez,Diamonds & rust,,,1028.0
Marius Müller - Westernhagen,Dicke,706.0,,
Karel Gott,Die Biene Maja,505.0,341.0,430.0
Wolle Kriwanek,Die Stroßaboh,93.0,94.0,94.0
Die Fantastischen Vier,Die da!?!,562.0,552.0,466.0
Stereoact feat. Kerstin Ott,Die immer lacht,726.0,676.0,858.0
Peter Alexander,Die kleine Kneipe,576.0,520.0,414.0
Lady Gaga & Bruno Mars,Die with a smile,,,422.0
Michael Jackson,Dirty Diana,947.0,1043.0,816.0
AC/DC,Dirty deeds done dirt cheap,843.0,687.0,492.0
The Pogues,Dirty old town,844.0,777.0,657.0
Bruce Springsteen,Do I Love You (Indeed I Do),553.0,,
BAP,Do kanns zaubere,178.0,189.0,181.0
UFO,Doctor Doctor,668.0,649.0,740.0
Guns N' Roses,Don't cry,534.0,753.0,572.0
Blue Öyster Cult,Don't fear the reaper,579.0,,
Peter Gabriel & Kate Bush,Don't give up,547.0,633.0,617.0
George Michael & Elton John,Don't let the sun go down on me,,,685.0
George Michael & Elton John,Don't let the sun go down on me (live),554.0,609.0,
Oasis,Don't look back in anger,465.0,419.0,287.0
Chris de Burgh,Don't pay the ferryman,665.0,635.0,589.0
Abba,Don't shut me down,62.0,116.0,281.0
Journey,Don't stop believin',10.0,11.0,6.0
Queen,Don't stop me now,49.0,53.0,53.0
Bobby McFerrin,"Don't worry, be happy",1050.0,,
Simple Minds,Don't you (forget about me),584.0,654.0,788.0
Men At Work,Down under,491.0,679.0,646.0
Disturbed,Down with the sickness,602.0,479.0,610.0
Pur,Drachen sollen fliegen,945.0,872.0,880.0
Aerosmith,Dream on,254.0,219.0,236.0
Nazareth,Dream on,,,1058.0
Ozzy Osbourne,Dreamer,729.0,694.0,763.0
Supertramp,Dreamer,881.0,939.0,834.0
Fleetwood Mac,Dreams,730.0,545.0,462.0
The Cranberries,Dreams,768.0,628.0,601.0
R.E.M.,Drive,1066.0,996.0,969.0
Joe Bonamassa,Driving towards the daylight,648.0,744.0,961.0
Grachmusikoff,Drägglacha Blues (live),434.0,328.0,347.0
Peter Maffay,Du,346.0,244.0,232.0
Peter Cornelius,Du entschuldige - i kenn' di,511.0,394.0,358.0
Nina Hagen,Du hast den Farbfilm vergessen,186.0,222.0,113.0
Andrea Berg,Du hast mich tausendmal belogen,567.0,571.0,593.0
Madsen,Du schreibst Geschichte,,,989.0
Udo Lindenberg,Durch die schweren Zeiten,388.0,474.0,726.0
Kansas,Dust in the wind,360.0,357.0,355.0
Abba,Eagle,392.0,436.0,432.0
Michael Jackson,Earth song,176.0,162.0,216.0
Uriah Heep,Easy livin',749.0,657.0,668.0
Adele,Easy on me,208.0,598.0,587.0
Pink Floyd,Echoes,38.0,41.0,40.0
Sportfreunde Stiller,Ein Kompliment,323.0,327.0,262.0
Sportfreunde Stiller,Ein Kompliment (unplugged),1020.0,,
DJ Ötzi & Nik P.,Ein Stern (der deinen Namen trägt),1003.0,889.0,1035.0
Reinhard Mey,Ein Stück Musik von Hand gemacht,836.0,,
Max Raabe und das Palast Orchester,Ein Tag wie Gold,,202.0,
Nicole,Ein bißchen Frieden,577.0,560.0,703.0
Udo Jürgens,Ein ehrenwertes Haus,521.0,460.0,378.0
Pur,Ein graues Haar,620.0,538.0,539.0
Dolls United,Eine Insel mit zwei Bergen,816.0,776.0,923.0
Peter Maffay,Eiszeit,275.0,319.0,210.0
Simon & Garfunkel,El condor pasa,1039.0,947.0,980.0
Nightwish,Elan,663.0,569.0,642.0
France Gall,"Ella, elle l'a",,1017.0,
Barry Ryan,Eloise,424.0,378.0,532.0
Jay-Z & Alicia Keys,Empire state of mind,1062.0,885.0,780.0
Alicia Keys,Empire state of mind (Part II),617.0,717.0,829.0
Gary Moore,Empty rooms,851.0,957.0,952.0
Rammstein,Engel,140.0,332.0,230.0
Sting,Englishman in New York,312.0,290.0,308.0
Depeche Mode,Enjoy the silence,,,97.0
Depeche Mode,Enjoy the silence (Single Edit),91.0,88.0,
Metallica,Enter Sandman,53.0,39.0,43.0
Héroes Del Silencio,Entre dos tierras (Album Version),440.0,387.0,370.0
Marianne Rosenberg,Er gehört zu mir,1070.0,911.0,
Hannes Wader,Es ist an der Zeit,63.0,68.0,64.0
Wolfgang Ambros,Es lebe der Zentralfriedhof,137.0,127.0,124.0
Wolle Kriwanek,Es schneielet,,933.0,963.0
Maître Gims,Est-ce que tu m'aimes?,,1056.0,765.0
Barry McGuire,Eve of destruction,987.0,,872.0
Coldplay,Everglow,863.0,999.0,687.0
The Police,Every breath you take,538.0,575.0,736.0
Backstreet Boys,Everybody (Backstreet's Back),,,714.0
Backstreet Boys,Everybody (Backstreet's back),603.0,,
Backstreet Boys,Everybody (Backstreet's back) (Radio Edit),,865.0,
R.E.M.,Everybody hurts,443.0,379.0,514.0
Tears For Fears,Everybody wants to rule the world,,1015.0,913.0
Bryan Adams,Everything I do ( I do it for you ),448.0,,
Bryan Adams,Everything I do (I do it for you),,521.0,
Depeche Mode,Everything counts,774.0,643.0,820.0
Peter Maffay,Ewig,728.0,722.0,814.0
The Alan Parsons Project,Eye in the sky,545.0,607.0,565.0
Survivor,Eye of the tiger,458.0,488.0,535.0
Ed Sheeran,Eyes closed,,832.0,
Queen,Face it alone,13.0,72.0,240.0
Metallica,Fade to black,120.0,129.0,106.0
Visage,Fade to grey,922.0,1012.0,
The Pogues featuring Kirsty MacColl,Fairytale of New York,812.0,971.0,562.0
Journey,Faithfully,618.0,640.0,425.0
"Earth, Wind & Fire",Fantasy,1021.0,,
Johnny O.,Fantasy girl,,,1016.0
Slade,Far far away,804.0,809.0,784.0
Tracy Chapman,Fast car,,,911.0
Queen,Fat bottomed girls,817.0,941.0,1031.0
Cat Stevens,Father and son,185.0,149.0,180.0
Manfred Mann's Earthband,"Father of day, father of night",587.0,636.0,660.0
Iron Maiden,Fear of the dark (live),18.0,17.0,16.0
Robbie Williams,Feel,672.0,890.0,897.0
Coldplay,Feelslikeimfallinginlove,,,137.0
Abba,Fernando,303.0,417.0,405.0
Wincent Weiss,Feuerwerk,996.0,581.0,579.0
Eva Cassidy,Fields of gold,239.0,265.0,318.0
Sting,Fields of gold,210.0,172.0,192.0
Genesis,Firth of fifth,296.0,331.0,321.0
Coldplay,Fix you,104.0,103.0,67.0
Elvis Presley,Flaming star,,1020.0,
Queen,Flash,995.0,,
Miley Cyrus,Flowers,,47.0,112.0
Herbert Grönemeyer,Flugzeuge im Bauch,932.0,,877.0
Genesis,Follow you follow me,432.0,513.0,650.0
Supertramp,Fool's overture,316.0,337.0,452.0
AC/DC,For those about to rock we salute you,805.0,779.0,436.0
Manfred Mann's Earthband,For you,486.0,448.0,467.0
Alphaville,Forever young,266.0,226.0,116.0
Creedence Clearwater Revival,Fortunate son,664.0,634.0,574.0
The Sweet,Fox on the run,480.0,440.0,449.0
Sting,Fragile,190.0,210.0,193.0
Lynyrd Skynyrd,Free bird,218.0,168.0,200.0
Tom Petty,Free fallin',680.0,1060.0,746.0
Westernhagen,Freiheit (live),83.0,83.0,101.0
Pur,Freunde,653.0,769.0,670.0
Georg Danzer,Frieden,747.0,620.0,656.0
Garth Brooks,Friends in low places,935.0,994.0,1007.0
Queen,Friends will be friends,499.0,398.0,486.0
Bette Midler,From a distance,964.0,749.0,805.0
Pur,Funkelperlenaugen,314.0,298.0,302.0
Die Fantastischen Vier,Furchtlos und troy [VfB Stuttgart-Version],581.0,257.0,
Helloween,Future world,438.0,458.0,393.0
Doro,Für immer,272.0,180.0,151.0
Rio Reiser,Für immer und dich,118.0,111.0,111.0
Extrabreit mit Hildegard Knef,Für mich soll's rote Rosen regnen,952.0,,
Hildegard Knef,Für mich soll's rote Rosen regnen,399.0,393.0,397.0
STS,Fürstenfeld,384.0,408.0,
STS,Fürstenfeld (Album Version),,,522.0
Ed Sheeran,Galway girl,963.0,,
Birth Control,Gamma ray (LP-Version),393.0,409.0,453.0
Coolio,Gangsta's paradise,255.0,798.0,1030.0
Unheilig,Geboren um zu leben,181.0,163.0,201.0
Konstantin Wecker,Genug ist nicht genug,622.0,608.0,680.0
Status Quo,Gerdundula,669.0,756.0,755.0
The Beatles,Get back,910.0,,
T. Rex,Get it on,909.0,1030.0,
The Rolling Stones,Gimme shelter,144.0,218.0,204.0
Abba,Gimme! Gimme! Gimme! (A man after midnight),629.0,579.0,606.0
Plastic Ono Band,Give peace a chance,337.0,525.0,862.0
Bruce Springsteen,Glory days,807.0,622.0,591.0
Herbert Grönemeyer,Glück,905.0,937.0,919.0
Fleetwood Mac,Go your own way,308.0,281.0,274.0
Mark Knopfler,Going home - Theme of the Local Hero,708.0,638.0,544.0
Spandau Ballet,Gold,,1018.0,
Tina Turner,Golden Eye,,859.0,
The Stranglers,Golden brown,733.0,786.0,871.0
Joachim Witt,Goldener Reiter,705.0,714.0,905.0
Green Day,Good riddance (Time of your life),868.0,,793.0
Elton John,Goodbye yellow brick road,1026.0,1001.0,970.0
Udo Jürgens,Griechischer Wein,227.0,187.0,129.0
STS,Großvater,148.0,208.0,147.0
Reinhard Mey,"Gute Nacht, Freunde",192.0,135.0,159.0
Uriah Heep,Gypsy,,979.0,957.0
Jeff Buckley,Hallelujah,242.0,264.0,228.0
Leonard Cohen,Hallelujah,25.0,25.0,20.0
Pentatonix,Hallelujah,276.0,315.0,272.0
Iron Maiden,Hallowed be thy name,59.0,59.0,70.0
Herbert Grönemeyer,Halt mich,188.0,165.0,154.0
Seiler und Speer,Ham kummst,151.0,161.0,191.0
Queen,Hammer to fall,452.0,561.0,517.0
Pharrell Williams,Happy,623.0,812.0,
Chicago,Hard to say I'm sorry,,854.0,901.0
Das Lumpenpack,Hauch mich mal an,,675.0,541.0
Peter Fox,Haus am See,170.0,140.0,92.0
Creedence Clearwater Revival,Have You Ever Seen The Rain?,,,865.0
Creedence Clearwater Revival,Have you ever seen the rain,689.0,656.0,
Michael Jackson,Heal the world,724.0,511.0,594.0
Neil Young,Heart of gold,342.0,350.0,399.0
Runrig,Hearts of olden glory,213.0,146.0,142.0
Hubert von Goisern,Heast as net,67.0,89.0,96.0
Glass Animals,Heat waves,957.0,,
Bryan Adams,Heaven,683.0,704.0,513.0
Gotthard,Heaven,280.0,250.0,269.0
Black Sabbath,Heaven and hell,487.0,503.0,483.0
Meat Loaf,Heaven can wait,862.0,938.0,751.0
Gossip,Heavy cross,704.0,672.0,806.0
Linkin Park,Heavy is the crown,,,169.0
Adele,Hello,198.0,242.0,245.0
AC/DC,Hells bells,20.0,22.0,18.0
Kris Kristofferson,Help me make it through the night,,,1051.0
The Beatles,Help!,518.0,530.0,605.0
Whitesnake,Here I go again [USA Remix],508.0,457.0,537.0
The Beatles,Here comes the sun,333.0,347.0,351.0
David Bowie,Heroes,77.0,82.0,89.0
Helene Fischer,Herzbeben,261.0,301.0,337.0
Hannes Wader,"Heute hier, morgen dort",133.0,124.0,123.0
Freddy Kalas,Hey Ho,126.0,514.0,383.0
The Jimi Hendrix Experience,Hey Joe,427.0,506.0,655.0
The Beatles,Hey Jude,106.0,97.0,122.0
Pink Floyd,Hey you,315.0,367.0,443.0
Die Toten Hosen,Hier kommt Alex,150.0,175.0,170.0
Pink Floyd,High hopes,75.0,87.0,82.0
Coldplay,Higher power,431.0,489.0,588.0
Deep Purple,Highway star,211.0,258.0,235.0
AC/DC,Highway to hell,55.0,60.0,55.0
Mecano,Hijo de la luna,739.0,986.0,1050.0
Die Ärzte,Himmelblau,823.0,1010.0,665.0
Udo Lindenberg,Hinter dem Horizont,,,277.0
Wishful Thinking,Hiroshima,352.0,415.0,426.0
Focus,Hocus Pocus,743.0,972.0,870.0
Lady Gaga,Hold my hand,145.0,373.0,580.0
Toto,Hold the line,625.0,759.0,729.0
Simply Red,Holding back the years,1030.0,,
Bonnie Tyler,Holding out for a hero,,1042.0,
Scorpions,Holiday,634.0,586.0,653.0
Sunrise Avenue,Hollywood hills,462.0,580.0,444.0
Dio,Holy diver,146.0,143.0,185.0
Genesis,Home by the sea,703.0,982.0,869.0
The Rolling Stones,Honky tonk women,628.0,572.0,927.0
Udo Lindenberg,Horizont,179.0,151.0,
T. Rex,Hot love,,978.0,787.0
Eagles,Hotel California,21.0,21.0,24.0
Eagles,Hotel California (unplugged),54.0,45.0,52.0
The Edgar Broughton Band,Hotel room,,966.0,
Eminem,Houdini,,,283.0
The Animals,House of the rising sun,237.0,354.0,398.0
Andreas Gabalier,Hulapalu,463.0,360.0,410.0
Rag'n'Bone Man,Human,732.0,738.0,914.0
Bruce Springsteen,Hungry heart,946.0,921.0,976.0
Bob Dylan,Hurricane,775.0,734.0,705.0
Johnny Cash,Hurt,209.0,223.0,226.0
Deep Purple,Hush,902.0,706.0,825.0
Barclay James Harvest,Hymn,51.0,46.0,57.0
Scooter,"Hyper, hyper",810.0,602.0,597.0
Joan Jett & The Blackhearts,I Love Rock 'N Roll,,,882.0
Austria 3,I am from Austria,,,1012.0
Gloria Gaynor,I am what I am,355.0,,367.0
Gloria Gaynor,I am what I am (Radio Version),,361.0,
Neil Diamond,I am... I said,883.0,857.0,915.0
Aerosmith,I don't want to miss a thing,627.0,747.0,881.0
Wolle Kriwanek,I fahr Daimler (Der PS-Walzer ),495.0,306.0,352.0
Hank Häberle jr,I fahr GTI,264.0,245.0,155.0
Abba,I have a dream,409.0,369.0,372.0
Joan Jett & The Blackhearts,I love Rock'n'Roll,903.0,856.0,
Gianna Nannini,I maschi,,,817.0
Aretha Franklin,I say a little prayer,968.0,,
Ed Sheeran,I see fire,256.0,309.0,375.0
Andreas Gabalier,I sing a Liad für di,761.0,805.0,1046.0
Abba,I still have faith in you,72.0,169.0,312.0
U2,I still haven't found what I'm looking for,696.0,794.0,
Johnny Cash,I walk the line,716.0,861.0,781.0
Queen,I want it all,317.0,302.0,428.0
Backstreet Boys,I want it that way,674.0,698.0,821.0
Queen,I want to break free,284.0,251.0,295.0
Foreigner,I want to know what love is,441.0,429.0,341.0
Freddie Mercury,I was born to love you,912.0,915.0,904.0
Kiss,I was made for lovin' you,348.0,288.0,377.0
Herrn Stumpfes Zieh & Zupfkapelle,I will,,,1042.0
Whitney Houston,I will always love you,411.0,463.0,488.0
Gloria Gaynor,I will survive,368.0,370.0,369.0
Meat Loaf,I'd do anything for love (but I won't do that) LP-,232.0,194.0,257.0
Joe Bonamassa & Beth Hart,I'd rather go blind,172.0,186.0,196.0
Ten Years After,I'm going home (live),326.0,430.0,373.0
The Proclaimers,I'm gonna be (500 Miles),605.0,548.0,629.0
Bruce Springsteen,I'm on fire,546.0,493.0,590.0
Dropkick Murphys,I'm shipping up to Boston,919.0,,
Elton John,I'm still standing,656.0,612.0,569.0
Reinhard Mey,Ich bin Klempner von Beruf,926.0,668.0,609.0
Revolverheld,Ich lass für dich das Licht an,914.0,934.0,884.0
"Leandros, Vicky",Ich liebe das Leben,,,183.0
Clowns & Helden,Ich liebe dich,778.0,758.0,464.0
Udo Jürgens,Ich war noch niemals in New York,124.0,120.0,98.0
Gordon Lightfoot,If you could read my mind,1047.0,,
Head East,If you knew me better,444.0,523.0,482.0
Henry Valentino & Uschi,Im Wagen vor mir,,,1043.0
John Lennon,Imagine,27.0,29.0,34.0
ZAZ,Imagine,,1024.0,
Udo Jürgens,Immer wieder geht die Sonne auf,382.0,421.0,275.0
Led Zeppelin,Immigrant Song,502.0,589.0,762.0
Phil Collins,In the air tonight,52.0,51.0,50.0
Status Quo,In the army now,974.0,936.0,1027.0
Purple Disco Machine X Sophie and The Giants,In the dark,923.0,,
Linkin Park,In the end,163.0,144.0,86.0
Elvis Presley,In the ghetto,108.0,114.0,121.0
Mike & The Mechanics,In the living years,,,720.0
Bon Jovi,In these arms,,952.0,
Peter Gabriel,In your eyes,984.0,701.0,709.0
Iron Butterfly,In-a-gadda-da-vida,64.0,55.0,59.0
Pur,Indianer,,570.0,604.0
Queen,Innuendo,139.0,174.0,195.0
Faithless,Insomnia,122.0,115.0,117.0
Nick Cave & The Bad Seeds,Into my arms,1028.0,,1017.0
STS,Irgendwann bleib i dann dort,558.0,441.0,403.0
Nena,"Irgendwie, irgendwo, irgendwann",1044.0,703.0,557.0
The Goo Goo Dolls,Iris,852.0,792.0,549.0
Black Sabbath,Iron man,714.0,731.0,734.0
Alanis Morissette,Ironic,1057.0,961.0,
P!nk (Pink),Irrelevant,475.0,993.0,
Kenny Rogers & Dolly Parton,Islands in the stream,,964.0,1004.0
The Sensational Alex Harvey Band,Isobel Goudie,615.0,625.0,725.0
Roxette,It must have been love,,1032.0,972.0
AC/DC,It's a long way to the top,459.0,405.0,326.0
Them,"It's all over now, Baby Blue",599.0,796.0,715.0
Bon Jovi,It's my life,290.0,286.0,239.0
Elvis Presley,Jailhouse Rock,971.0,,
Jean-Jacques Goldman,Je marche seul,894.0,790.0,
Jean-Jacques Goldman,Je marche seul (Single edit),,,900.0
ZAZ,Je veux,287.0,263.0,329.0
Falco,Jeanny (Part I),285.0,287.0,271.0
Karat,Jede Stunde,832.0,927.0,
Fettes Brot,Jein,1061.0,1002.0,815.0
Master KG feat. Nomcebo Zikode,Jerusalema,334.0,442.0,853.0
The Allman Brothers Band,Jessica,,,1020.0
Wise Guys,Jetzt ist Sommer,838.0,724.0,1009.0
Hooters,Johnny B,1069.0,,
Dolly Parton,Jolene,956.0,893.0,732.0
Peter Maffay,Josie,791.0,1057.0,1047.0
BAP,Jraaduss,525.0,431.0,360.0
Foreigner,Juke box hero,601.0,825.0,630.0
Pavlov's Dog,Julia,472.0,487.0,439.0
Uriah Heep,July morning,379.0,402.0,490.0
Van Halen,Jump,332.0,266.0,319.0
The Rolling Stones,Jumpin' Jack flash,748.0,712.0,859.0
Die Ärzte,Junge,147.0,167.0,146.0
Rio Reiser,Junimond,354.0,342.0,349.0
BAP,Jupp,320.0,277.0,
BAP,Jupp (Album Version),,,322.0
Depeche Mode,Just can't get enough,840.0,716.0,810.0
P!nk (Pink) feat. Nate Ruess,Just give me a reason,798.0,894.0,807.0
The Cure,Just like heaven,,973.0,
Das Lumpenpack,"Kann es sein, dass du dumm bist?",,,916.0
Gänsehaut,Karl der Käfer,84.0,67.0,56.0
Led Zeppelin,Kashmir,36.0,34.0,41.0
Marillion,Kayleigh,283.0,256.0,290.0
Helloween,Keeper of the seven keys,152.0,130.0,133.0
Pur,Kein Krieg,503.0,682.0,648.0
Kraftklub,Kein Liebeslied,,,846.0
Ton Steine Scherben,Keine Macht für Niemand,924.0,,
Reinhard Mey,Keine ruhige Minute,571.0,611.0,487.0
Orchester Erwin Lehn + Die Fußball-Mannschaft der Stuttgarter Kickers,Kickers-Song,1060.0,965.0,978.0
Queen,Killer queen,238.0,297.0,297.0
Rage Against The Machine,Killing in the name,103.0,105.0,84.0
Bettina Wegner,Kinder,1007.0,,920.0
Herbert Grönemeyer,Kinder an die Macht,717.0,752.0,841.0
Brozzo,King uf em Feldweg,712.0,678.0,637.0
Ava Max,Kings & Queens,885.0,943.0,
Manowar,Kings of Metal,374.0,338.0,315.0
Rumpelstilz,Kiosk (schwyzerdütsch),854.0,661.0,692.0
Prince & The Revolution,Kiss,1033.0,923.0,
Bob Dylan,Knockin' on heaven's door,918.0,914.0,866.0
Guns N' Roses,Knockin' on heaven's door,331.0,353.0,359.0
Abba,"Knowing me, knowing you",,1000.0,
Hubert von Goisern,Koa Hiatamadl,981.0,995.0,848.0
Udo Lindenberg & Apache 207,Komet,,6.0,14.0
Ludwig Hirsch,"Komm, großer, schwarzer Vogel",184.0,185.0,148.0
BAP,Kristallnaach,217.0,188.0,119.0
3 Doors Down,Kryptonite,979.0,900.0,873.0
Rio Reiser,König von Deutschland,479.0,356.0,313.0
Gigi d'Agostino,L'amour toujours,,1038.0,
The Doors,L.A. woman,1002.0,918.0,
ZZ Top,La grange,132.0,126.0,153.0
Charles Trénet,La mer,233.0,267.0,243.0
Uriah Heep,Lady in black,95.0,101.0,110.0
Bee Gees,Lamplight,718.0,606.0,682.0
Genesis,Land of confusion,640.0,666.0,776.0
The Coalminers' Beat,Land of green,268.0,423.0,306.0
Herbert Grönemeyer,Land unter,,,937.0
Die Ärzte,Lasse redn,523.0,906.0,861.0
Wham!,Last Christmas,310.0,227.0,207.0
Marillion,Lavender,,,954.0
Abba,Lay all your love on me,929.0,709.0,547.0
DJ Robin & Schürze,Layla,112.0,,
Derek & The Dominos,Layla,690.0,751.0,1003.0
Eric Clapton,Layla,302.0,326.0,412.0
Deep Purple,Lazy,607.0,536.0,602.0
Noir Désir,Le vent nous portera,1009.0,,
Foo Fighters,Learn to fly,492.0,595.0,639.0
Pink Floyd,Learning to fly,1013.0,740.0,803.0
John Denver,Leaving on a jet plane,439.0,475.0,491.0
Silbermond,Leichtes Gepäck,,940.0,981.0
Fool's Garden,Lemon tree,236.0,237.0,
Fools Garden,Lemon tree,,,215.0
Pur,Lena,158.0,160.0,143.0
Billy Joel,Leningrad,295.0,269.0,309.0
Passenger,Let her go,988.0,,943.0
The Beatles,Let it be,46.0,44.0,58.0
AC/DC,Let there be Rock,376.0,374.0,364.0
Nena,Leuchtturm,801.0,723.0,556.0
Rosenstolz,Liebe ist alles,,835.0,
Udo Jürgens & Jenny,Liebe ohne Leiden,396.0,310.0,182.0
Namika,Lieblingsmensch,955.0,870.0,779.0
Barclay James Harvest,Life is for living,960.0,,998.0
David Bowie,Life on Mars?,655.0,804.0,967.0
The Doors,Light my fire (long version),983.0,,
Neil Young,Like a hurricane,785.0,764.0,677.0
Madonna,Like a prayer,,970.0,596.0
Bob Dylan,Like a rolling stone,421.0,615.0,724.0
Melissa Etheridge,Like the way I do,531.0,389.0,456.0
Herrn Stumpfes Zieh & Zupfkapelle,Linsengericht,86.0,91.0,54.0
Roxette,Listen to your heart,753.0,880.0,695.0
Nirvana,Lithium,913.0,,
Opus,Live is life,619.0,616.0,689.0
Bon Jovi,Livin' on a prayer,416.0,384.0,332.0
The Rolling Stones,Living in a ghost town,274.0,320.0,851.0
Runrig,Loch Lomond (live),34.0,27.0,30.0
Jethro Tull,Locomotive breath,65.0,61.0,81.0
The Kinks,Lola,685.0,887.0,984.0
The Clash,London calling,707.0,739.0,837.0
David Hasselhoff,Looking for freedom,,905.0,1021.0
Eminem,Lose yourself,273.0,295.0,254.0
R.E.M.,Losing my religion,391.0,424.0,478.0
Nazareth,Love hurts,537.0,669.0,754.0
The Sweet,Love is like oxygen,678.0,623.0,649.0
Queen,Love of my life,30.0,33.0,44.0
Joy Division,Love will tear us apart,,988.0,
Taylor Swift,Lover,,,876.0
"Emerson, Lake & Palmer",Lucky man,645.0,659.0,701.0
Beggars Opera,MacArthur Park,800.0,818.0,667.0
Queen,Made in heaven,363.0,428.0,389.0
Orchestral Manoeuvres In The Dark (OMD),Maid Of Orleans,,,475.0
OMD,Maid of Orleans (The Waltz Joan of Arc),457.0,582.0,
Peter Schilling,Major Tom,,,36.0
Peter Schilling,Major Tom (völlig losgelöst),229.0,155.0,
Adele,Make you feel my love,1001.0,866.0,717.0
Genesis,Mama,215.0,292.0,300.0
Herbert Grönemeyer,Mambo,826.0,544.0,592.0
Abba,Mamma mia,231.0,164.0,197.0
Michael Jackson,Man in the mirror,702.0,655.0,699.0
Drafi Deutscher,"Marmor, Stein und Eisen bricht",,886.0,
Bee Gees,Massachusetts,697.0,647.0,761.0
Metallica,Master of puppets,24.0,26.0,27.0
Thom Pace,Maybe,660.0,670.0,627.0
Janis Joplin,Me and Bobby McGee,214.0,247.0,233.0
Kris Kristofferson,Me and Bobby McGee,,,679.0
Reinhard Mey,Mein Apfelbäumchen,467.0,478.0,345.0
Udo Lindenberg,Mein Ding,135.0,176.0,131.0
Alexandra,"Mein Freund, der Baum",174.0,199.0,166.0
Maroon 5,Memories,921.0,,1011.0
Herbert Grönemeyer,Mensch,107.0,113.0,108.0
Reinhard Mey,Menschenjunges,154.0,138.0,139.0
Janis Joplin,Mercedes Benz,568.0,535.0,600.0
Udo Jürgens,"Merci, chèrie",,946.0,693.0
Accept,Metal heart,506.0,426.0,343.0
Die Fantastischen Vier,MfG (Mit freundlichen Grüßen),787.0,663.0,795.0
The Beatles,Michelle,,1031.0,
Füenf,Mir im Süden,15.0,13.0,23.0
Udo Jürgens,Mit 66 Jahren,953.0,864.0,710.0
Pink Floyd,Money,,,766.0
Pink Floyd,Money (uncensored radio edit),,1005.0,
Dire Straits,Money for nothing,175.0,209.0,214.0
Abba,"Money, money, money",802.0,721.0,748.0
AC/DC,Moneytalks,,,992.0
Rory Gallagher,Moonchild,529.0,557.0,538.0
Mike Oldfield & Maggie Reilly,Moonlight shadow,792.0,810.0,775.0
The Sisters Of Mercy,More,896.0,827.0,
Boston,More than a feeling,473.0,473.0,438.0
Extreme,More than words,1054.0,,940.0
Schulze,Morgen,,,951.0
Anyone's Daughter,Moria,375.0,563.0,356.0
Cat Stevens,Morning has broken,433.0,472.0,543.0
Pink Floyd,Mother,461.0,516.0,531.0
Abba,Move on,782.0,768.0,735.0
Harpo,Moviestar,700.0,599.0,847.0
Electric Light Orchestra,Mr. Blue Sky,279.0,355.0,454.0
The Killers,Mr. Brightside,260.0,252.0,184.0
Amy Macdonald,Mr. Rock & Roll,,1053.0,
Simon & Garfunkel,Mrs. Robinson,,1047.0,
Wings,Mull of Kintyre,1052.0,992.0,1024.0
John Miles,Music,9.0,9.0,11.0
Eros Ramazzotti,Musica è,998.0,787.0,971.0
Genesis,Musical box,292.0,321.0,325.0
Herbert Grönemeyer,"Musik nur, wenn sie laut ist",278.0,289.0,249.0
Foo Fighters,My Hero,425.0,,
Céline Dion,My heart will go on,994.0,1059.0,906.0
Bruce Springsteen,My hometown,349.0,221.0,279.0
Evanescence,My immortal,735.0,726.0,583.0
Slade,My oh my,561.0,733.0,643.0
George Harrison,My sweet Lord,765.0,975.0,935.0
Coldplay X BTS,My universe (radio edit),515.0,,
Frank Sinatra,My way,114.0,122.0,134.0
Luca-Dante Spadafora & Niklas Dee & Oktavian,Mädchen auf dem Pferd (Coverversion),,260.0,
Herbert Grönemeyer,Männer,482.0,454.0,311.0
Joe Cocker,N'oubliez jamais,585.0,762.0,613.0
Schwoißfuaß,Nacht ohne Froga,477.0,434.0,484.0
Liquido,Narcotic,347.0,311.0,331.0
Tabula Rasa Orchestra,Neben mir,759.0,741.0,855.0
Joy Fleming,Neckarbrückenblues,647.0,917.0,933.0
Lady A,Need you now,959.0,,1039.0
Reinhard Mey,"Nein, meine Söhne geb' ich nicht",17.0,15.0,13.0
Toy Dolls,Nellie the elephant (live),449.0,274.0,127.0
Nightwish,Nemo,435.0,437.0,371.0
Peter Maffay,Nessaja,76.0,78.0,51.0
Pur,Neue Brücken,870.0,1058.0,
Fleetwood Mac,Never going back again,,830.0,
Depeche Mode,Never let me down again,263.0,271.0,340.0
Trude Herr,Niemals geht man so ganz,428.0,376.0,363.0
The Moody Blues,Nights in white satin,289.0,352.0,305.0
Nina Chuba,Nina,,,921.0
Katie Melua,Nine million bicycles,437.0,382.0,427.0
Alice Merton,No roots,773.0,881.0,
Billie Eilish,No time to die,900.0,,
Bob Marley & The Wailers,No woman no cry,,1027.0,1006.0
Edith Piaf,"Non, je ne regrette rien",370.0,546.0,582.0
Sinéad O'Connor,Nothing compares 2 U,445.0,110.0,320.0
Metallica,Nothing else matters,6.0,,
Metallica,Nothing else matters (Album Version),,8.0,8.0
Guns N' Roses,November rain,37.0,31.0,33.0
Linkin Park,Numb,187.0,179.0,102.0
Die Toten Hosen,Nur zu Besuch,169.0,240.0,126.0
Ike & Tina Turner,Nutbush City limits,899.0,555.0,758.0
Michael Patrick Kelly,O.k.o,,814.0,
AnnenMayKantereit,Oft gefragt,745.0,785.0,973.0
Münchener Freiheit,Ohne Dich (schlaf ich heut Nacht nicht ein),,,276.0
Münchener Freiheit,Ohne dich (schlaf' ich heut nacht nicht ein),356.0,231.0,
Schwoißfuaß,Oinr isch emmr dr Arsch,22.0,20.0,19.0
Pink Floyd,On the turning away,516.0,528.0,404.0
Johnny Cash,One,167.0,183.0,199.0
Metallica,One,35.0,35.0,31.0
U2,One,157.0,192.0,174.0
Whitney Houston,One moment in time,394.0,392.0,450.0
Linkin Park,One more light,530.0,504.0,385.0
Abba,One of Us,795.0,797.0,962.0
Pink Floyd,One of these days,616.0,713.0,840.0
Enya,Only time,936.0,,
Journey,Open arms,855.0,875.0,959.0
Enya,Orinoco flow (Sail away),866.0,997.0,706.0
Red Hot Chili Peppers,Otherside,878.0,848.0,902.0
Anne Clark,Our darkness,858.0,763.0,831.0
Madness,Our house,1065.0,,
Abba,Our last summer,436.0,500.0,374.0
Falco,Out Of The Dark,,,292.0
Falco,Out of the dark (into the light),442.0,407.0,
The Rolling Stones,Paint it black,183.0,232.0,365.0
Van Halen,Panama,,,1045.0
The Temptations,Papa was a rollin' stone,307.0,438.0,473.0
Coldplay,Paradise,559.0,587.0,526.0
Meat Loaf,Paradise by the dashboard light,1004.0,697.0,584.0
Guns N' Roses,Paradise city,224.0,134.0,223.0
Black Sabbath,Paranoid,142.0,119.0,149.0
Guns N' Roses,Patience,831.0,876.0,686.0
Die Ärzte,Paul,1034.0,,1055.0
The Beatles,Penny Lane,847.0,745.0,925.0
Depeche Mode,People are people,719.0,627.0,614.0
Ed Sheeran,Perfect,69.0,86.0,100.0
Lou Reed,Perfect day,1006.0,912.0,713.0
Deep Purple,Perfect strangers,160.0,123.0,156.0
Plácido Domingo & John Denver,Perhaps love,397.0,498.0,437.0
Depeche Mode,Personal Jesus,,,338.0
Depeche Mode,Personal Jesus (Single edit),364.0,351.0,
Billy Joel,Piano man,61.0,43.0,
Billy Joel,Piano man (Album Version),,,66.0
Anyone's Daughter,Piktor,962.0,,
The Who,Pinball wizard,825.0,879.0,964.0
AnnenMayKantereit,Pocahontas,564.0,549.0,684.0
Alice Cooper,Poison,228.0,153.0,128.0
Barclay James Harvest,Poor man's Moody Blues,940.0,748.0,843.0
Frankie goes to Hollywood,Power Of Love,,,460.0
U2,Pride (in the name of love),906.0,950.0,
Accept,Princess of the dawn,204.0,213.0,179.0
Pur,Prinzessin,880.0,850.0,785.0
Tina Turner,Private dancer,762.0,305.0,518.0
Dire Straits,Private investigations,539.0,578.0,786.0
Creedence Clearwater Revival,Proud Mary,710.0,766.0,949.0
Ike & Tina Turner,Proud Mary,686.0,435.0,523.0
"Peter, Paul & Mary",Puff the magic dragon,891.0,736.0,941.0
Bad Religion,Punk Rock Song,951.0,991.0,934.0
Prince & The Revolution,Purple rain,88.0,69.0,91.0
Die Toten Hosen,Pushed again,861.0,,
Das Lumpenpack,Pädagogen,907.0,390.0,303.0
WIZO,Quadrat im Kreis,,925.0,635.0
Manfred Mann's Earthband,Questions,908.0,,
ZAZ,Qué vendrá,741.0,956.0,
Golden Earring,Radar love,267.0,261.0,282.0
Rammstein,Radio,799.0,,
Wise Guys,Radio,849.0,,828.0
Fury In The Slaughterhouse,Radio Orchid,582.0,505.0,573.0
Queen,Radio ga ga,129.0,133.0,136.0
Imagine Dragons,Radioactive,888.0,895.0,
Max Werner,Rain in May,850.0,,987.0
Grachmusikoff,Ratzariader Schenkelbatscher,864.0,851.0,830.0
Billy Idol,Rebel yell,882.0,691.0,767.0
Die Ärzte,Rebell,758.0,1003.0,839.0
Billy Talent,Red flag,833.0,605.0,752.0
Bob Marley & The Wailers,Redemption song,980.0,,1037.0
Udo Lindenberg,Reeperbahn,848.0,782.0,922.0
Wolle Kriwanek,Reggae di uf,203.0,235.0,231.0
Aretha Franklin,Respect,498.0,527.0,672.0
Snap,Rhythm is a dancer,,,854.0
AC/DC,Ride on,426.0,386.0,525.0
The Doors,Riders on the storm [long version],247.0,255.0,280.0
Johnny Cash,Ring of fire,474.0,567.0,554.0
Jennifer Rush,Ring of ice,,,960.0
Ike & Tina Turner,"River deep, mountain high",,833.0,
Led Zeppelin,Rock and Roll,687.0,515.0,636.0
Falco,Rock me Amadeus,614.0,529.0,571.0
Scorpions,Rock you like a hurricane,1058.0,1021.0,
Elton John,Rocket man,429.0,476.0,645.0
Status Quo,Rockin' all over the world,481.0,444.0,527.0
Neil Young,Rockin' in the free world,422.0,418.0,424.0
Apache 207,Roller,,284.0,388.0
Adele,Rolling in the deep,321.0,372.0,293.0
Dire Straits,Romeo and Juliet,488.0,443.0,499.0
Toto,Rosanna,806.0,671.0,789.0
Dropkick Murphys,Rose Tattoo,,343.0,448.0
The Police,Roxanne,879.0,695.0,712.0
The Rolling Stones,Ruby Tuesday,927.0,849.0,
Jonny Hill,Ruf Teddybär eins-vier,469.0,322.0,270.0
Leona Lewis,Run,839.0,,826.0
Snow Patrol,Run,,,832.0
Pink Floyd,Run like hell,966.0,1033.0,
Iron Maiden,Run to the hills,48.0,49.0,48.0
Bon Jovi,Runaway,338.0,296.0,346.0
Kate Bush,Running Up That Hill (A Deal With God),,,350.0
Kate Bush,Running up that hill,71.0,239.0,
Sting,Russians,277.0,596.0,773.0
Fisherman's Fall,SC Freiburg vor (Stadion Version),,,545.0
Fisherman's Fall,SC Freiburg vor! (Stadion Version),,674.0,
Abba,SOS,670.0,746.0,744.0
Beastie Boys,Sabotage,,,1018.0
Elton John,Sacrifice,999.0,,
Marlene Dietrich,Sag mir wo die Blumen sind,944.0,,
Joan Baez,"Sag' mir, wo die Blumen sind",803.0,754.0,1056.0
Konstantin Wecker,Sage nein!,90.0,76.0,32.0
Rod Stewart,Sailing,153.0,159.0,206.0
Mark Knopfler feat. James Taylor,Sailing to Philadelphia,327.0,467.0,420.0
Santana,Samba pa ti,286.0,262.0,298.0
Scott McKenzie,San Francisco (be sure to wear some flowers in you,258.0,346.0,477.0
Roland Kaiser,Santa Maria,666.0,718.0,598.0
Die Toten Hosen,Sascha... ein aufrechter Deutscher,727.0,480.0,88.0
Queen,Save me,1063.0,,
The Weeknd,Save your tears,1024.0,,
Simon & Garfunkel,Scarborough Fair / Canticle,997.0,,
Wolfgang Ambros,Schifoan,595.0,553.0,559.0
Supertramp,School,166.0,150.0,175.0
Die Ärzte,Schrei nach Liebe,26.0,24.0,10.0
Friedi,Schwaben-Rap,369.0,275.0,238.0
Rock & Rollinger,Schwabenhymne,265.0,254.0,
Karat,Schwanenkönig,493.0,366.0,496.0
Bosse,Schönste Zeit,,1044.0,
Marillion,Script for a jester's tear,509.0,450.0,485.0
Terry Jacks,Seasons in the sun,497.0,512.0,540.0
Cockney Rebel,Sebastian,244.0,,
Cockney Rebel,Sebastian (Album Version),,229.0,267.0
Herbert Grönemeyer,Sekundenglück,654.0,639.0,512.0
The Offspring,Self esteem,820.0,600.0,608.0
Scorpions,Send me an angel,731.0,652.0,625.0
Journey,Separate ways (Worlds apart),471.0,533.0,334.0
"Earth, Wind & Fire",September,291.0,368.0,381.0
Adele,Set fire to the rain,846.0,863.0,533.0
The White Stripes,Seven nation army,1014.0,862.0,621.0
Kings Of Leon,Sex on fire,414.0,452.0,394.0
Westernhagen,Sexy,991.0,980.0,
Mike Oldfield & Roger Chapman,Shadow on the wall,1043.0,,
Rory Gallagher,Shadow play,989.0,,
Taylor Swift,Shake it off,,898.0,494.0
Lady Gaga & Bradley Cooper,Shallow,56.0,58.0,73.0
Sting,Shape of my heart,367.0,371.0,335.0
Ed Sheeran,Shape of you,815.0,969.0,
ZZ Top,Sharp dressed man,917.0,816.0,1015.0
The Rolling Stones,She's a rainbow,845.0,846.0,
Billy Joel,She's always a woman,769.0,858.0,
Pink Floyd,Shine on you crazy diamond,41.0,48.0,45.0
Ed Sheeran,Shivers,413.0,807.0,956.0
AC/DC,Shoot to thrill,958.0,853.0,811.0
Tears For Fears,Shout,,1052.0,
ZAZ,Si jamais j'oublie,834.0,868.0,1014.0
Harry Styles,Sign of the times,138.0,212.0,227.0
Queensrÿche,Silent lucidity,243.0,248.0,264.0
Gianna Nannini,Silenzio,,,1036.0
Lynyrd Skynyrd,Simple man,189.0,173.0,163.0
Dr. Alban,Sing Hallelujah!,,823.0,
Otis Redding,Sittin' on the dock of the bay,671.0,967.0,936.0
Spider Murphy Gang,Skandal im Sperrbezirk,446.0,413.0,515.0
Paul Kalkbrenner,Sky and sand,643.0,495.0,253.0
Adele,Skyfall,127.0,193.0,194.0
Peter Gabriel,Sledgehammer,,985.0,
Nightwish,Sleeping sun,162.0,191.0,188.0
Abba,Slipping through my fingers,366.0,395.0,504.0
Joe Bonamassa,Sloe gin,298.0,314.0,390.0
Bronski Beat,Smalltown boy,591.0,604.0,503.0
Nirvana,Smells like teen spirit,143.0,128.0,144.0
Deep Purple,Smoke on the water (Album Version),60.0,57.0,83.0
Michael Jackson,Smooth criminal,972.0,,
Sade,Smooth operator,938.0,699.0,723.0
Rosa Linn,Snap,389.0,558.0,739.0
Red Hot Chili Peppers,Snow (Hey oh),,1004.0,
Peter Maffay,So bist du,533.0,447.0,445.0
Dire Straits,So far away,837.0,904.0,
The Police,So lonely,1027.0,,
Leonard Cohen,"So long, Marianne",612.0,707.0,294.0
P!nk (Pink),So what,1048.0,806.0,852.0
Unheilig,So wie du warst,835.0,728.0,612.0
Alvaro Soler,Sofia,859.0,962.0,985.0
Peter Gabriel,Solsbury Hill,207.0,207.0,241.0
Depeche Mode,Somebody,1029.0,784.0,644.0
Gotye featuring Kimbra,Somebody that I used to know,1064.0,,
George Michael & Queen,Somebody to love,1051.0,,
Queen,Somebody to love,173.0,200.0,244.0
Adele,Someone like you,230.0,273.0,221.0
Lewis Capaldi,Someone you loved,,981.0,1040.0
The Beatles,Something,973.0,,1044.0
The Chainsmokers & Coldplay,Something just like this,1008.0,902.0,997.0
Nancy & Frank Sinatra,Something stupid,1041.0,,
Israel Kamakawiwo'ole,Somewhere Over The Rainbow,,,213.0
Israel Kamakawiwo'ole,Somewhere over the rainbow/What a wonderful world,199.0,228.0,
Helge Schneider,"Sommer, Sonne, Kaktus!",526.0,524.0,555.0
Reinhard Mey,Sommermorgen,336.0,268.0,251.0
Dusty Springfield,Son of a preacher man,934.0,883.0,938.0
Udo Lindenberg,Sonderzug nach Pankow,1056.0,,
Peter Maffay,Sonne in der Nacht,588.0,584.0,476.0
David Bowie,Space oddity,329.0,317.0,455.0
Chris de Burgh,Spanish train,,987.0,942.0
Franz Josef Degenhardt,Spiel nicht mit den Schmuddelkindern,387.0,416.0,339.0
Queen,Spread your wings,611.0,860.0,799.0
Peter Fox,Stadtaffe,,,944.0
Led Zeppelin,Stairway to heaven,2.0,2.0,2.0
Ben E. King,Stand by me,950.0,867.0,
Rainbow,Stargazer,161.0,158.0,217.0
Udo Lindenberg,Stark wie Zwei,536.0,547.0,599.0
David Bowie,Starman,341.0,325.0,362.0
The Rolling Stones,Start me up,720.0,931.0,
Bee Gees,Stayin' alive,,899.0,966.0
Bayern-Fans United,Stern des Südens,248.0,184.0,500.0
Jupiter Jones,Still,610.0,583.0,519.0
Gary Moore,Still Got The Blues,,,516.0
Gary Moore,Still got the blues (for you),451.0,486.0,
U2,Still haven't found what I'm looking for,,,764.0
Scorpions,Still loving you,319.0,318.0,429.0
Ralph McTell,Streets of London,386.0,425.0,459.0
Bruce Springsteen,Streets of Philadelphia,378.0,471.0,471.0
CYRIL,Stumblin' in,,,69.0
Suzi Quatro & Chris Norman,Stumblin' in,646.0,729.0,480.0
Wolle Kriwanek,Stuttgart kommt!,81.0,62.0,46.0
Udo Lindenberg,Stärker als die Zeit,814.0,,
Dire Straits,Sultans of swing,58.0,54.0,62.0
Bryan Adams,Summer Of '69,,,37.0
Bryan Adams,Summer of '69,42.0,40.0,
Janis Joplin,Summertime,1010.0,1028.0,1026.0
U2,Sunday bloody Sunday,344.0,300.0,361.0
Abba,Super Trouper,709.0,,892.0
Reamonn,Supergirl,856.0,953.0,822.0
Muse,Supermassive black hole,744.0,929.0,
Stevie Wonder,Superstition,1059.0,,
Genesis,Supper's ready,57.0,56.0,60.0
Elvis Presley,Suspicious minds,301.0,276.0,317.0
Leonard Cohen,Suzanne,345.0,364.0,261.0
Neil Diamond,Sweet Caroline,418.0,470.0,387.0
The Rolling Stones feat. Lady Gaga & Stevie Wonder,Sweet Sounds Of Heaven (Long Version),,391.0,
The Rolling Stones feat. Lady Gaga & Stevie Wonder,Sweet Sounds Of Heaven Long Version,,,675.0
Guns N' Roses,Sweet child o' mine (Album Version),117.0,141.0,157.0
Eurythmics,Sweet dreams,,,749.0
Eurythmics,Sweet dreams (are made of this),965.0,821.0,
Lynyrd Skynyrd,Sweet home Alabama,407.0,427.0,493.0
The Rolling Stones,Sympathy for the devil,131.0,147.0,218.0
AC/DC,T.N.T.,125.0,148.0,125.0
Die Fantastischen Vier,Tag am Meer,380.0,406.0,376.0
Die Toten Hosen,Tage wie diese,23.0,19.0,29.0
Soft Cell,Tainted love,797.0,732.0,753.0
The Dave Brubeck Quartet,Take five,942.0,959.0,850.0
Eagles,Take it easy,,984.0,867.0
John Denver,"Take me home, country roads",377.0,358.0,304.0
Hozier,Take me to church,874.0,831.0,801.0
a-ha,Take on me,406.0,404.0,299.0
Tracy Chapman,Talkin' bout a revolution,1000.0,1016.0,996.0
Hiss,Tanz!,636.0,496.0,291.0
Marius Müller-Westernhagen,Taximann,,799.0,907.0
Eric Clapton,Tears in heaven,168.0,145.0,211.0
Wheatus,Teenage dirtbag,,,899.0
Dire Straits,Telegraph Road,73.0,73.0,80.0
The Sisters Of Mercy,Temple of love,693.0,603.0,742.0
Chris Stapleton,Tennessee whiskey,447.0,397.0,285.0
Eagles,Tequila sunrise,,928.0,
Beyoncé,Texas hold 'em,,,187.0
Abba,Thank you for the music,92.0,102.0,104.0
The Sweet,The Ballroom Blitz,822.0,673.0,688.0
Billy Joel,"The Downeaster ""Alexa""",867.0,789.0,
Billy Joel,The Downeaster 'Alexa',,,863.0
AC/DC,The Jack,324.0,316.0,342.0
Chris de Burgh,The Lady in red,385.0,400.0,417.0
Bruce Springsteen,The River,105.0,92.0,99.0
Colosseum,The Valentyne Suite,606.0,551.0,792.0
Marianne Faithfull,The ballad of Lucy Jordan,1053.0,924.0,
Blind Guardian,The bard's song (in the forest),156.0,178.0,171.0
Tina Turner,The best,306.0,63.0,103.0
Peter Gabriel,The book of love,621.0,626.0,595.0
Simon & Garfunkel,The boxer,212.0,198.0,247.0
Don Henley,The boys of summer (Single Edit),460.0,403.0,468.0
Genesis,The carpet crawlers,32.0,38.0,47.0
Fleetwood Mac,The chain,371.0,323.0,268.0
Genesis,The cinema show,723.0,711.0,770.0
King Crimson,The court of the Crimson King,819.0,702.0,769.0
Abba,The day before you came,811.0,802.0,737.0
Linkin Park,The emptiness machine,,,25.0
The Doors,The end,361.0,399.0,366.0
The Sensational Alex Harvey Band,The faith healer,897.0,,
Europe,The final countdown (Album Version),,,727.0
Europe,The final countdown (LP-Version),454.0,491.0,
Aphrodite's Child,The four horsemen,552.0,844.0,791.0
Pink Floyd,The great gig in the sky,543.0,735.0,577.0
Whitney Houston,The greatest love of all,,1035.0,
Genesis,The lamb lies down on Broadway,830.0,,
The Rolling Stones,The last time,872.0,,
America,The last unicorn,597.0,773.0,750.0
Mike & The Mechanics,The living years,740.0,710.0,
Supertramp,The logical song,738.0,750.0,948.0
The Beatles,The long and winding road,941.0,1009.0,
Roxette,The look,993.0,877.0,917.0
Iron Maiden,The number of the beast,68.0,66.0,68.0
Iggy Pop,The passenger,590.0,588.0,664.0
Frankie goes to Hollywood,The power of love,294.0,362.0,
Jennifer Rush,The power of love,557.0,592.0,548.0
Foo Fighters,The pretender,649.0,541.0,647.0
The Alan Parsons Project,The raven,948.0,1008.0,1053.0
Eminem,The real Slim Shady,,896.0,698.0
Mike Batt,The ride to Agadir,318.0,335.0,434.0
Bruce Springsteen,The rising,,1054.0,
Bette Midler,The rose,39.0,42.0,39.0
Coldplay,The scientist,589.0,888.0,576.0
Queen,The show must go on,136.0,170.0,167.0
Disturbed,The sound of silence,4.0,4.0,4.0
Simon & Garfunkel,The sound of silence,87.0,80.0,78.0
Runrig,The story,305.0,280.0,
Rainbow,The temple of the king,930.0,942.0,683.0
Garth Brooks,The thunder rolls,642.0,680.0,930.0
Iron Maiden,The trooper,111.0,106.0,158.0
The Alan Parsons Project,The turn of a friendly card,969.0,951.0,
Metallica,The unforgiven,80.0,77.0,74.0
Duran Duran,The wild boys,865.0,882.0,747.0
Abba,The winner takes it all,113.0,125.0,120.0
Frank Sinatra,"Theme from New York, New York",667.0,767.0,813.0
Queen,These are the days of our lives,661.0,610.0,912.0
Bon Jovi,These days,,,860.0
Jethro Tull,Thick as a brick,,998.0,
Nazareth,This flight tonight,790.0,828.0,
Amy Macdonald,This is the life,573.0,485.0,611.0
Bob Marley & The Wailers,Three little birds,476.0,464.0,435.0
Michael Jackson,Thriller,383.0,279.0,316.0
Dream Theater,Through her eyes,,903.0,
Spandau Ballet,Through the barricades,701.0,811.0,838.0
Michael Patrick Kelly,Throwback,750.0,,
Imagine Dragons,Thunder,876.0,920.0,624.0
Bruce Springsteen,Thunder road,639.0,539.0,563.0
AC/DC,Thunderstruck,28.0,30.0,28.0
Peter Maffay,Tiefer,937.0,1029.0,745.0
Pink Floyd,Time,130.0,118.0,138.0
Jim Croce,Time in a bottle,494.0,653.0,700.0
Beggars Opera,Time machine,195.0,211.0,202.0
Andrea Bocelli & Sarah Brightman,Time to say goodbye,783.0,892.0,
Fury In The Slaughterhouse,Time to wonder,182.0,131.0,246.0
Elton John,Tiny dancer,711.0,1041.0,986.0
Eric Burdon & War,Tobacco Road,871.0,841.0,1025.0
Rush,Tom Sawyer,450.0,591.0,528.0
Tom Waits,Tom Traubert's Blues,575.0,665.0,618.0
Rod Stewart,Tom Traubert's Blues (Waltzing Matilda),501.0,459.0,
AnnenMayKantereit,Tommi (Live),,,314.0
Queen,Too much love will kill you,793.0,1011.0,
Jethro Tull,"Too old to rock'n'roll, too young to die",976.0,,
Bonnie Tyler,Total eclipse of the heart,281.0,230.0,278.0
AC/DC,Touch too much,404.0,483.0,631.0
Bruce Springsteen,Tougher than the rest,96.0,90.0,87.0
Tenacious D,Tribute,408.0,453.0,507.0
Die Fantastischen Vier,Troy,652.0,630.0,418.0
P!nk (Pink),Try,760.0,455.0,510.0
Normahl,Trümmertango,694.0,482.0,530.0
Mike Oldfield,Tubular Bells Part one,149.0,136.0,168.0
Dire Straits,Tunnel of love,598.0,803.0,702.0
Loverboy,Turn me loose,,,885.0
Billy Joel,Turn the lights back on,,,472.0
Metallica,Turn the page,159.0,171.0,178.0
Bob Seger & The Silver Bullet Band,Turn the page (live),548.0,720.0,558.0
Wolle Kriwanek,Ufo,241.0,197.0,237.0
Edoardo Bennato & Gianna Nannini,Un' estate italiana,796.0,760.0,809.0
The Righteous Brothers,Unchained melody,1031.0,,
Peter Maffay,Und es war Sommer,313.0,294.0,252.0
Queen & David Bowie,Under pressure,121.0,137.0,132.0
Red Hot Chili Peppers,Under the bridge,455.0,508.0,626.0
Die Ärzte,Unrockbar,766.0,1034.0,878.0
Sia,Unstoppable,725.0,708.0,442.0
Natasha Bedingfield,Unwritten,,,479.0
Foreigner,Urgent,574.0,632.0,651.0
Pink Floyd,Us and them,456.0,497.0,440.0
New Model Army,Vagabonds,,,1019.0
Mark Ronson featuring Amy Winehouse,Valerie,1005.0,,
Olivia Rodrigo,Vampire,,891.0,1022.0
Matthias Reim,"Verdammt, ich lieb' dich",763.0,696.0,819.0
BAP,Verdamp lang her,89.0,93.0,76.0
Paolo Conte,Via con me,657.0,686.0,632.0
Falco,Vienna calling,,,1038.0
Don McLean,Vincent,193.0,190.0,229.0
Sarah Connor,Vincent,206.0,203.0,250.0
Coldplay,Viva la vida,110.0,84.0,72.0
Holstuonarmusigbigbandclub,Vo Mello bis ge Schoppornou,299.0,249.0,266.0
Zupfgeigenhansel,Waldfest,,847.0,
Dire Straits,Walk of life,624.0,681.0,546.0
Marc Cohn,Walking in Memphis,1018.0,,
Depeche Mode,Walking in my shoes,592.0,700.0,759.0
Die Toten Hosen,Wannsee,468.0,574.0,498.0
Bon Jovi,Wanted dead or alive,1032.0,954.0,947.0
Black Sabbath,War pigs,381.0,411.0,524.0
Manowar,Warriors of the world united,45.0,32.0,35.0
Iron Maiden,Wasted years,253.0,214.0,145.0
Abba,Waterloo,594.0,507.0,441.0
Harry Styles,Watermelon sugar,1049.0,,
Queen,We are the champions,200.0,215.0,273.0
USA For Africa,We are the world,483.0,469.0,324.0
Joan Baez,We shall overcome,1035.0,948.0,
Queen,We will rock you,134.0,112.0,141.0
Twisted Sister,We're not gonna take it,520.0,550.0,622.0
Peter Maffay,Weil es dich gibt,1011.0,871.0,886.0
Westernhagen,Weil ich dich liebe,632.0,568.0,560.0
Hubert von Goisern,"Weit, weit weg",16.0,18.0,21.0
Element of Crime,Weißes Papier,,,890.0
Kenny Loggins,Welcome to heartlight,916.0,945.0,889.0
Guns N' Roses,Welcome to the jungle,1016.0,968.0,
Pink Floyd,Welcome to the machine,1017.0,,
Nathan Evans,Wellerman,31.0,65.0,109.0
Konstantin Wecker,Wenn der Sommer nicht mehr weit ist,692.0,,
Konstantin Wecker,Wenn der Sommer nicht mehr weit ist (live),,692.0,743.0
Pur,Wenn du da bist,1023.0,,990.0
Udo Lindenberg,Wenn du gehst,992.0,930.0,908.0
Puhdys,Wenn ein Mensch lebt,722.0,922.0,812.0
Pur,Wenn sie diesen Tango hört,240.0,196.0,208.0
OneRepublic,West coast,420.0,,
Die Ärzte,Westerland,79.0,71.0,71.0
Rainhard Fendrich,Weus'd a Herz hast wia a Bergwerk,78.0,79.0,
Rainhard Fendrich,Weus'd a Herz hast wie a Bergwerk,,,63.0
P!nk (Pink),What About Us,,,666.0
Louis Armstrong,What a wonderful world,270.0,283.0,286.0
P!nk (Pink),What about us,776.0,,
Mark Knopfler,What it is,569.0,542.0,481.0
4 Non Blondes,What's Up?,,,354.0
Tina Turner,What's love got to do with it,,1049.0,
4 Non Blondes,What's up,340.0,291.0,
Status Quo,Whatever You Want,507.0,522.0,585.0
Journey,Wheel in the sky,563.0,590.0,640.0
Deep Purple,When a blind man cries,343.0,410.0,406.0
White Lion,When the children cry,890.0,631.0,895.0
Greta Van Fleet,When the curtain falls,,976.0,
Jermaine Jackson & Pia Zadora,When the rain begins to fall,679.0,989.0,760.0
Adele,When we were young,767.0,822.0,719.0
Ronan Keating,When you say nothing at all,,765.0,798.0
Pixies,Where is my mind,490.0,573.0,623.0
U2,Where the streets have no name,485.0,660.0,694.0
The Beatles,While my guitar gently weeps,304.0,365.0,413.0
Metallica,Whiskey in the jar,99.0,98.0,95.0
Thin Lizzy,Whiskey in the jar,,344.0,502.0
Thin Lizzy,Whisky in the jar,423.0,,
Cream,White room,510.0,645.0,659.0
Billy Idol,White wedding,975.0,,
AC/DC,Who made who,578.0,677.0,495.0
Queen,Who wants to live forever?,85.0,100.0,107.0
AC/DC,Whole lotta Rosie,309.0,224.0,225.0
Led Zeppelin,Whole lotta love,97.0,95.0,
Led Zeppelin,Whole lotta love (Album Version),,,160.0
Chris Isaak,Wicked game,949.0,935.0,772.0
Sarah Connor,Wie schön du bist,631.0,543.0,567.0
Reinhard Mey,Wie vor Jahr und Tag,43.0,52.0,49.0
Die Fantastischen Vier,Wie weit,,,234.0
Westernhagen,Wieder hier,,1026.0,
The Rolling Stones,Wild horses,223.0,278.0,423.0
Nina Chuba,Wildberry Lillet,,385.0,497.0
Taylor Swift,Willow,,,845.0
Konstantin Wecker,Willy,180.0,154.0,140.0
Saga,Wind him up,596.0,559.0,553.0
Scorpions,Wind of change (Album-Version),94.0,152.0,165.0
Udo Lindenberg (feat. KIDS ON STAGE),Wir ziehen in den Frieden  (MTV Unplugged 2),100.0,195.0,284.0
Pink Floyd,Wish you were here,11.0,14.0,17.0
Rednex,Wish you were here,742.0,834.0,783.0
Joe Cocker,With a little help from my friends,288.0,303.0,330.0
U2,With or without you,165.0,201.0,177.0
John Lennon,Woman,967.0,907.0,868.0
Barbra Streisand,Woman in love,,901.0,
Fury In The Slaughterhouse,Won't forget these days,713.0,465.0,578.0
The Who,Won't get fooled again,821.0,983.0,928.0
Eric Clapton,Wonderful tonight,250.0,339.0,348.0
Michael Patrick Kelly feat. Rakim,Wonders,,795.0,
Oasis,Wonderwall,357.0,445.0,301.0
Mike & The Mechanics,Word of mouth,794.0,808.0,778.0
Udo Lindenberg & Pascal,Wozu sind Kriege da?,44.0,70.0,105.0
Ayliva & Apache 207,Wunder,,,260.0
Kate Bush,Wuthering heights,372.0,377.0,470.0
Die Toten Hosen,Wünsch Dir was,430.0,422.0,411.0
Coldplay,Yellow,249.0,238.0,190.0
The Beatles,Yellow submarine,877.0,974.0,955.0
The Beatles,Yesterday,119.0,107.0,161.0
Joe Cocker,You are so beautiful,954.0,727.0,
Joe Cocker,You can leave your hat on,,,1049.0
The Rolling Stones,You can't always get what you want,496.0,624.0,896.0
Mathou,You never walk alone,,909.0,691.0
Westlife,You raise me up,351.0,433.0,386.0
AC/DC,You shook me all night long,257.0,270.0,162.0
Meat Loaf,You took the words right out of my mouth,860.0,1050.0,
Phil Collins,You'll be in my heart,943.0,1039.0,891.0
Die Toten Hosen,You'll never walk alone,1045.0,,
Gerry & The Pacemakers,You'll never walk alone,512.0,456.0,542.0
Carly Simon,You're so vain,961.0,1036.0,864.0
Chicago,You're the inspiration,,,974.0
John Farnham,You're the voice,695.0,839.0,652.0
Carole King,You've got a friend,262.0,177.0,224.0
Dire Straits,Your latest trick,504.0,693.0,730.0
The Outfield,Your love,1037.0,800.0,551.0
Elton John,Your song,300.0,293.0,323.0
Die Toten Hosen,Zehn kleine Jägermeister,,,979.0
Herbert Grönemeyer mit Amadou & Mariam,"Zeit, dass sich was dreht",,,879.0
The Cranberries,Zombie,177.0,206.0,172.0
Severija,"Zu Asche, zu Staub (Babylon Berlin)",216.0,217.0,509.0
Die Ärzte,Zu spät,415.0,481.0,489.0
Peter Fox feat. Inéz,Zukunft pink,,282.0,395.0
Die Fantastischen Vier feat. Clueso,Zusammen,556.0,617.0,536.0
Dieter Kuhn Thomas,Über den Wolken,,1013.0,
Dieter Thomas Kuhn,Über den Wolken,,,856.0
Reinhard Mey,Über den Wolken,40.0,37.0,38.0
Peter Maffay,Über sieben Brücken mußt du geh'n,197.0,220.0,220.0
Karat,Über sieben Brücken mußt du gehen,359.0,285.0,265.0
Mark Forster,Übermorgen,721.0,926.0,
